Log_Return,Extreme_Event,Data_Source,Extreme_Event_After
-0.0658546063292888,True,Original,True
0.0245525793053076,False,Original,False
-0.0085312090125206,False,Original,False
0.0124631425662382,False,Original,False
0.042789522379989,True,Original,True
-0.0267317599133622,False,Original,False
0.0026514025776691,False,Original,False
-0.0616301174410664,False,Synthetic,True
0.0205980505950709,False,Original,False
0.0221229374751299,False,Original,False
-0.0083435793853841,False,Original,False
-0.0244831724231708,False,Original,False
-0.0169138444910768,False,Original,False
-0.0083599329359991,False,Original,False
-0.0036464193788106,False,Original,False
0.0052302296526942,False,Original,False
0.0025756614367953,False,Original,False
0.0843011972264276,False,Synthetic,True
-0.0205241567825158,False,Original,False
-0.0208932181887835,False,Original,False
0.0081434664556887,False,Original,False
0.0207255097440004,False,Original,False
0.034322378458329,False,Original,False
0.0268461119505509,False,Original,False
-0.0411078528245235,False,Synthetic,True
0.0304272087381747,False,Original,False
-0.0175457304307151,False,Original,False
0.013147761421802,False,Original,False
-0.0284043409590086,False,Original,False
-0.0147069666575649,False,Original,False
0.0057079058159743,False,Original,False
0.0106014924595196,False,Original,False
-0.0073702918766134,False,Original,False
-0.0198860614458258,False,Original,False
0.0042462908814506,False,Original,False
-0.0119925277127279,False,Original,False
0.0194785616033215,False,Original,False
-0.0032014405731022,False,Original,False
0.0006186204960663,False,Original,False
-0.013812843446292,False,Original,False
0.0066471852287648,False,Original,False
0.0164550367128786,False,Original,False
0.003503020068587,False,Original,False
-0.0637821593903249,False,Synthetic,True
-0.0234406236486943,False,Original,False
0.0067717670911502,False,Original,False
-0.0022400096781289,False,Original,False
0.0198744797434571,False,Original,False
-0.0200385800638205,False,Original,False
-0.0381927952524563,False,Original,False
-0.0214271344995751,False,Original,False
0.0092475517412964,False,Original,False
0.0148472348213068,False,Original,False
-0.0074531679468119,False,Original,False
0.0008562377438945,False,Original,False
0.0455625376985544,True,Original,True
-0.0015822356466728,False,Original,False
0.0009278210516878,False,Original,False
0.052276134420211,False,Synthetic,True
0.0146709695657918,False,Original,False
-0.0328812909569631,False,Original,False
-0.0156635336731891,False,Original,False
0.0509022427137489,False,Synthetic,True
0.0097556247815671,False,Original,False
-0.0327991756538583,False,Original,False
-0.0286464901977101,False,Original,False
0.0431498714828541,False,Synthetic,True
0.0255182186773197,False,Original,False
0.021235650843467,False,Original,False
-0.0426340917739889,True,Original,True
-0.0146452410503865,False,Original,False
-0.0131460721037584,False,Original,False
-0.0516706181987398,True,Original,True
-0.0466828448074814,True,Original,True
0.0014859847381476,False,Original,False
0.0391791771519454,False,Original,False
-0.048599322515536,False,Synthetic,True
0.0183881180895042,False,Original,False
-0.0015798831539779,False,Original,False
-0.025691200479045,False,Original,False
0.0402107492106509,False,Original,False
0.0029176277707438,False,Original,False
-0.0003885255504414,False,Original,False
0.0063270919315989,False,Original,False
-0.004084358308031,False,Original,False
0.0031829352864622,False,Original,False
-0.0270966207489564,False,Original,False
0.041756347325915,False,Synthetic,True
0.0485910477670959,False,Synthetic,True
-0.0217219341462637,False,Original,False
-0.0442424092808083,False,Synthetic,True
-0.0102013567341572,False,Original,False
0.004493146880975,False,Original,False
-0.0027626234850668,False,Original,False
0.0404595247970345,False,Original,False
0.0199901448765018,False,Original,False
-0.0323537200129795,False,Original,False
-0.0165438718015948,False,Original,False
-0.0207232669937162,False,Original,False
-0.0309047204959824,False,Original,False
-0.0221276951730668,False,Original,False
0.0417312740892441,True,Original,True
0.001410835448464,False,Original,False
0.0247854514479701,False,Original,False
0.0157601761116072,False,Original,False
0.0317127367934038,False,Original,False
-0.0193345094556853,False,Original,False
0.0324295856665646,False,Original,False
0.0487593423043986,True,Original,True
0.0635355804609915,False,Synthetic,True
-0.0624812736423799,False,Synthetic,True
0.0201751155403684,False,Original,False
0.007774518055104,False,Original,False
-0.0034818763987924,False,Original,False
-0.015105561738423,False,Original,False
0.0158395965156934,False,Original,False
0.0007334963654042,False,Original,False
0.011844521502164,False,Original,False
-0.0082459692366807,False,Original,False
0.0255460924276977,False,Original,False
-0.0003561464986905,False,Original,False
0.0240494903547059,False,Original,False
-0.0158507845949831,False,Original,False
-0.0003337292309062,False,Original,False
-0.0137597805823297,False,Original,False
-0.0140123169470154,False,Original,False
0.0197883773086484,False,Original,False
-0.0261676935750543,False,Original,False
0.0193758890935864,False,Original,False
0.0213510195384394,False,Original,False
0.0622555422378069,False,Synthetic,True
-0.008368736004412,False,Original,False
0.0123540706465465,False,Original,False
0.0143648562749554,False,Original,False
-0.0072424826855801,False,Original,False
-0.0344108704432422,False,Original,False
0.0101374122115256,False,Original,False
-0.041382997029879,False,Synthetic,True
0.0262280600836195,False,Original,False
0.029591584007294,False,Original,False
-0.0010933050546704,False,Original,False
-0.0257179523959862,False,Original,False
0.0161728592456,False,Original,False
-0.0646658549564164,False,Synthetic,True
0.0039188616312628,False,Original,False
-0.0195737336737789,False,Original,False
0.0515842278608863,False,Synthetic,True
-0.0100969451867634,False,Original,False
-0.0276972991448811,False,Original,False
-0.0018821534957318,False,Original,False
-0.0100779597813502,False,Original,False
0.001472212264435,False,Original,False
0.0246417796021436,False,Original,False
0.0023893446645892,False,Original,False
0.0139232631074435,False,Original,False
-0.0065523684150345,False,Original,False
-0.021006787007046,False,Original,False
0.0180411857825539,False,Original,False
0.0327227559908678,False,Original,False
0.0236334353527425,False,Original,False
-0.0037688133486373,False,Original,False
-0.0235506251407731,False,Original,False
0.0212373112759038,False,Original,False
-0.0222186939495596,False,Original,False
-0.0134316058286625,False,Original,False
0.0082199430971421,False,Original,False
0.0130358885863746,False,Original,False
-0.0079975110538441,False,Original,False
0.0189969665513363,False,Original,False
-0.0104265537344723,False,Original,False
-0.0060319010977067,False,Original,False
0.0033938310926746,False,Original,False
-0.0038548996271519,False,Original,False
0.0131716484514896,False,Original,False
0.0020460365193972,False,Original,False
-0.010731309103571,False,Original,False
0.0094246021028787,False,Original,False
-0.0026945499139845,False,Original,False
-0.0062710470744047,False,Original,False
-0.0083523425564937,False,Original,False
-0.0237054207095273,False,Original,False
0.0068473203015759,False,Original,False
-0.0136225750316594,False,Original,False
-0.0123606517949568,False,Original,False
-0.0400349067419689,False,Original,False
0.0171338417855722,False,Original,False
-0.006818349107851,False,Original,False
0.004220463067055,False,Original,False
0.0127390257774298,False,Original,False
-0.0020812936014564,False,Original,False
-0.003929519392928,False,Original,False
0.0423079616616832,False,Synthetic,True
0.0104200302541919,False,Original,False
-0.0053847728885472,False,Original,False
-0.0234393174290694,False,Original,False
0.0047448152623612,False,Original,False
0.0154244703256321,False,Original,False
0.0301530381706864,False,Original,False
-0.0257535590112016,False,Original,False
-0.0057231060899933,False,Original,False
-0.0068350370520384,False,Original,False
-0.0141338329547835,False,Original,False
0.0117389775677878,False,Original,False
-0.0208620067772713,False,Original,False
-0.0093382335300802,False,Original,False
-0.0247090147718616,False,Original,False
-0.0306602828921302,False,Original,False
0.02897763063579,False,Original,False
-0.0215164561265215,False,Original,False
-0.0378038634118116,False,Original,False
-0.0137466629079732,False,Original,False
-0.0097583063893846,False,Original,False
0.0400225532080593,False,Original,False
0.0324427553693293,False,Original,False
0.0134538756506472,False,Original,False
-0.001613011976854,False,Original,False
-0.0051251039419817,False,Original,False
0.0039585306184317,False,Original,False
-0.021486686113219,False,Original,False
0.0182040138606058,False,Original,False
0.0112866498780483,False,Original,False
-0.0211315880013245,False,Original,False
-0.0090473543796854,False,Original,False
0.0069983132966697,False,Original,False
-0.0175188975974869,False,Original,False
0.0116216028541007,False,Original,False
-0.0018816407947372,False,Original,False
-0.0015630749780441,False,Original,False
-0.011592119534864,False,Original,False
0.0122820126288019,False,Original,False
0.0193968654727996,False,Original,False
-0.0141005708074537,False,Original,False
-0.01820686477547,False,Original,False
0.0015357769161692,False,Original,False
-0.0231452612490237,False,Original,False
-0.0067330674821004,False,Original,False
-0.0090968788468313,False,Original,False
-0.0370125350454486,False,Original,False
0.0112259822841025,False,Original,False
0.0054180560788346,False,Original,False
0.0485434029096971,True,Original,True
-0.0168525338023517,False,Original,False
0.0362651956511665,False,Original,False
0.0355300083303884,False,Original,False
0.0135894173085482,False,Original,False
-0.0187418259100535,False,Original,False
0.0255006035665115,False,Original,False
-0.0552577682661529,False,Synthetic,True
-0.0179196119781579,False,Original,False
0.0063184008546741,False,Original,False
0.0166347239572282,False,Original,False
-0.0476757618722185,True,Original,True
-0.0080338262977566,False,Original,False
0.0100834273432006,False,Original,False
-0.0040348832309593,False,Original,False
0.0137473241665642,False,Original,False
0.0260846649388692,False,Original,False
0.0047955421185559,False,Original,False
-0.0118001303297887,False,Original,False
0.0094052339207824,False,Original,False
0.013214973290859,False,Original,False
0.0733528827926317,True,Original,True
0.0045681392176035,False,Original,False
-0.0160196866996873,False,Original,False
0.0092200095095087,False,Original,False
0.0246896672601195,False,Original,False
-0.0033633310949685,False,Original,False
0.0061868623825738,False,Original,False
-0.0102734563608617,False,Original,False
0.0066838447152139,False,Original,False
-0.014369087033053,False,Original,False
0.0277205765788242,False,Original,False
0.0190141704455939,False,Original,False
0.0005135374281923,False,Original,False
-0.0079033685542881,False,Original,False
0.0249842657047132,False,Original,False
-0.0033704110099055,False,Original,False
-0.0060200347358954,False,Original,False
0.0125818484713118,False,Original,False
-0.00033545790318,False,Original,False
-0.0089873098328965,False,Original,False
-0.0028251798653418,False,Original,False
-0.0365332169745578,False,Original,False
-0.0073040320004302,False,Original,False
-0.0109375161571456,False,Original,False
0.0163617379347496,False,Original,False
-0.0115321068674063,False,Original,False
0.0253133468751247,False,Original,False
-0.0061080437710678,False,Original,False
-0.0129791867537711,False,Original,False
0.048914161584421,False,Synthetic,True
0.0014028526967493,False,Original,False
-0.0107467928046123,False,Original,False
-0.0408539762955655,True,Original,True
-0.0122526285326589,False,Original,False
-0.0093832791550401,False,Original,False
-0.0201244690383113,False,Original,False
0.0200616174622876,False,Original,False
0.0154674407078214,False,Original,False
-0.0168931370244553,False,Original,False
0.0091893215876979,False,Original,False
-0.0089585563902598,False,Original,False
0.0325644720818818,False,Original,False
-0.0727433973429061,False,Synthetic,True
-0.0026571668511774,False,Original,False
-0.0129638771245002,False,Original,False
0.0043399927530529,False,Original,False
-0.0905016850543624,False,Synthetic,True
-0.0064296975757969,False,Original,False
-0.0683371566671635,False,Synthetic,True
0.0036643029011464,False,Original,False
-0.0219931664599624,False,Original,False
-0.0121429592105055,False,Original,False
0.0116180592575059,False,Original,False
-0.0266700208598731,False,Original,False
0.0045058753393103,False,Original,False
-0.0033606699192585,False,Original,False
-0.0543702362718381,True,Original,True
0.0258241843393403,False,Original,False
0.0190076741871205,False,Original,False
0.0083257664407661,False,Original,False
-0.0137783426542199,False,Original,False
-0.0242109079616472,False,Original,False
0.0505649234003425,False,Synthetic,True
-0.0321643547112806,False,Original,False
-0.0176063426626207,False,Original,False
0.0626790285250899,False,Synthetic,True
0.0415636898040876,True,Original,True
0.0029037631022852,False,Original,False
0.0160255449891355,False,Original,False
0.0221059157882788,False,Original,False
-0.0153349507906863,False,Original,False
0.0100712547250569,False,Original,False
-0.0015822964423595,False,Original,False
-0.034050765572541,False,Original,False
-0.0075047256540674,False,Original,False
0.0422020838177807,True,Original,True
-0.0356670216279706,False,Original,False
-0.0522748510545554,True,Original,True
0.0142812967673382,False,Original,False
0.0125175984450116,False,Original,False
0.0067302156205233,False,Original,False
0.0410846162490532,True,Original,True
0.0115210976236763,False,Original,False
-0.0006701065720164,False,Original,False
-0.0033797048632333,False,Original,False
0.0019710177277172,False,Original,False
-0.0534155600618792,False,Synthetic,True
-0.0032412795038236,False,Original,False
-0.014549108745598,False,Original,False
-0.0086422791628884,False,Original,False
0.002167581963631,False,Original,False
0.0143761712803307,False,Original,False
-0.0339176512723859,False,Original,False
-0.0178215646087718,False,Original,False
-0.0007729333202846,False,Original,False
0.033728145198749,False,Original,False
0.0466999311044575,False,Synthetic,True
0.0060651173187,False,Original,False
0.0162605208717803,False,Original,False
-0.019962608363226,False,Original,False
-0.0092815950355102,False,Original,False
-0.0115695283317531,False,Original,False
-0.0147750060573077,False,Original,False
-0.0005592059421548,False,Original,False
0.0105718052345835,False,Original,False
0.0024185479777969,False,Original,False
0.0110505946244909,False,Original,False
0.0096461586217468,False,Original,False
0.0208731153183219,False,Original,False
0.0190831719733175,False,Original,False
-0.0042963221924932,False,Original,False
0.0087682827220607,False,Original,False
-0.0063574654605869,False,Original,False
-0.0092841464515949,False,Original,False
-0.0033555974507439,False,Original,False
0.0150447630992154,False,Original,False
-0.0088904931902895,False,Original,False
-0.0186221016834036,False,Original,False
-0.0429513871955986,True,Original,True
0.0031993350422165,False,Original,False
0.0117356034164721,False,Original,False
0.0171467765000059,False,Original,False
-0.0095577748431328,False,Original,False
-0.0097187815832171,False,Original,False
-0.0055172553747535,False,Original,False
-0.0105673953338474,False,Original,False
0.0057841897912638,False,Original,False
0.0116750315805038,False,Original,False
-0.0003434655709533,False,Original,False
-0.0139755976083435,False,Original,False
-0.0209096287044463,False,Original,False
-0.0005693139920364,False,Original,False
-0.045749067822775,False,Synthetic,True
0.0069268895896232,False,Original,False
-0.0314577262393189,False,Original,False
0.0176763056809665,False,Original,False
0.0618352082123533,False,Synthetic,True
0.0434344434588619,False,Synthetic,True
-0.0191479190901482,False,Original,False
0.025591103486299,False,Original,False
-0.0270402740898898,False,Original,False
-0.0021050347119118,False,Original,False
0.0236960896987028,False,Original,False
-0.0017045458672555,False,Original,False
-0.0237369988200466,False,Original,False
0.0157438075328393,False,Original,False
-0.0105165559033277,False,Original,False
0.0072150385141505,False,Original,False
-0.014920244913533,False,Original,False
0.0036419298758261,False,Original,False
-0.0008000873249294,False,Original,False
0.0058042679095056,False,Original,False
0.001084559594398,False,Original,False
0.0149904187721539,False,Original,False
-0.0007833921278042,False,Original,False
-0.0083706444757041,False,Original,False
-0.0061254830668708,False,Original,False
0.0058380647994606,False,Original,False
-0.0104024632328645,False,Original,False
0.0042029047375322,False,Original,False
-0.0123691914617669,False,Original,False
-0.0445395062363269,False,Synthetic,True
-0.0350278720604713,False,Original,False
0.0054283553917642,False,Original,False
-0.0171496493656455,False,Original,False
0.0046432524221433,False,Original,False
-0.0451400201992818,False,Synthetic,True
0.0194165776786263,False,Original,False
0.0555171173588374,False,Synthetic,True
0.0016913973433414,False,Original,False
0.0045219467741688,False,Original,False
-0.0142479979711733,False,Original,False
-0.0039637871040554,False,Original,False
-0.003198005923565,False,Original,False
-0.0025814540873572,False,Original,False
-0.0138814438186507,False,Original,False
-0.0270482560394871,False,Original,False
0.0228034296725958,False,Original,False
-0.0503520138549369,True,Original,True
0.013869154652804,False,Original,False
-0.0841389932470288,True,Original,True
-0.0753893442974771,True,Original,True
-0.0267469238439712,False,Original,False
0.0501465338600137,True,Original,True
0.0003790750614012,False,Original,False
0.0179355951109965,False,Original,False
-0.0189783974996604,False,Original,False
-0.0118310701647654,False,Original,False
0.0108821234243574,False,Original,False
-0.0292863623795351,False,Original,False
-0.0220419104088556,False,Original,False
0.0391015467795838,False,Original,False
0.0219580135351762,False,Original,False
-0.0127739826569168,False,Original,False
-0.0143873573222439,False,Original,False
-0.0114653412969953,False,Original,False
-0.0168518400354908,False,Original,False
0.0133276073129611,False,Original,False
-0.0100533076172872,False,Original,False
0.0185490376388415,False,Original,False
0.0171603555447763,False,Original,False
0.0304066348927012,False,Original,False
-0.0257973796289991,False,Original,False
0.0750069096792316,True,Original,True
-0.0062868228495176,False,Original,False
0.0860953077528024,False,Synthetic,True
-0.0247924312532159,False,Original,False
0.0301899579615447,False,Original,False
0.0319582598354415,False,Original,False
-0.0074636815400914,False,Original,False
-0.012564612242496,False,Original,False
0.0220774748275225,False,Original,False
0.0610038764555893,False,Synthetic,True
-0.0348942907064024,False,Original,False
-0.0315190592862766,False,Original,False
0.0304637430332022,False,Original,False
0.0020217121112846,False,Original,False
-0.0113923605947974,False,Original,False
0.0773951674144921,True,Original,True
0.0204229872053769,False,Original,False
0.0159798862198758,False,Original,False
0.0759351738977393,False,Synthetic,True
0.0140006241841668,False,Original,False
-0.0129656334465,False,Original,False
0.0275473569772728,False,Original,False
-0.0607915879003798,False,Synthetic,True
-0.0043495881776856,False,Original,False
0.0087838402604027,False,Original,False
0.0080402443185647,False,Original,False
-0.0272407087766897,False,Original,False
0.0122681626766834,False,Original,False
0.0174335178873139,False,Original,False
0.0306343208095896,False,Original,False
0.0247216827803473,False,Original,False
-0.0114754758539046,False,Original,False
-0.0438805277360323,True,Original,True
-0.0219771998132323,False,Original,False
0.015272230761159,False,Original,False
-0.0422199906539204,False,Synthetic,True
-0.0142735497340247,False,Original,False
0.017716924646157,False,Original,False
0.0116638891523486,False,Original,False
-0.0178855650819471,False,Original,False
0.0109928196158186,False,Original,False
-0.0073151031577172,False,Original,False
0.0159789360914501,False,Original,False
-0.0545127926107835,False,Synthetic,True
-0.0144791283486949,False,Original,False
-0.0036334159256856,False,Original,False
0.0368736897672565,False,Original,False
-0.0080189285696956,False,Original,False
-0.0283901851148726,False,Original,False
0.0343169063907051,False,Original,False
-0.0133027412238195,False,Original,False
-0.0037085129361642,False,Original,False
0.0161881164624428,False,Original,False
0.0293596362665748,False,Original,False
-0.0130242566905636,False,Original,False
-0.0010316116160637,False,Original,False
0.0075649437192719,False,Original,False
0.0148882520555222,False,Original,False
0.0279365646272768,False,Original,False
0.004685814777245,False,Original,False
0.0032740094028955,False,Original,False
-0.0147829083650705,False,Original,False
-0.0104296947415392,False,Original,False
-0.0326947318922155,False,Original,False
0.0012519793954073,False,Original,False
-0.0348232423195007,False,Original,False
-0.0084950574013458,False,Original,False
0.0055949561547983,False,Original,False
0.0191520179641191,False,Original,False
0.0026956212504032,False,Original,False
-0.0164358343984041,False,Original,False
-0.0115449120505974,False,Original,False
0.0173811358396775,False,Original,False
-0.0422199906539204,False,Synthetic,True
-0.0022311251078726,False,Original,False
-0.0099995731437765,False,Original,False
-0.0392945506738513,False,Original,False
0.0024767319815186,False,Original,False
0.0149687980841282,False,Original,False
-0.0048857465193812,False,Original,False
-0.0116003207717749,False,Original,False
0.0186062926721728,False,Original,False
0.0002353033463151,False,Original,False
-0.0052683432253051,False,Original,False
-0.0068032854763622,False,Original,False
0.0063038440517733,False,Original,False
-0.0028964157380908,False,Original,False
0.0249993489278175,False,Original,False
0.0216752742827956,False,Original,False
0.0041439125036752,False,Original,False
-0.0134738243050236,False,Original,False
-0.0099564275033632,False,Original,False
0.0236557902824472,False,Original,False
0.0169198684809277,False,Original,False
0.0024360547978812,False,Original,False
0.0301391680743599,False,Original,False
-0.0010020758121491,False,Original,False
0.0176040889159914,False,Original,False
-0.0126749793897822,False,Original,False
0.0218503195430788,False,Original,False
0.0088846284437789,False,Original,False
-0.0323039113667604,False,Original,False
-0.0123520421453022,False,Original,False
0.0454831483526044,False,Synthetic,True
0.0170475090617667,False,Original,False
-0.0466789523999836,False,Synthetic,True
0.0347992210798224,False,Original,False
0.004432724936322,False,Original,False
-0.0089560205134677,False,Original,False
0.0174149475291898,False,Original,False
-0.0083887244813816,False,Original,False
-0.0089553889765898,False,Original,False
-0.001985253062692,False,Original,False
-0.0268293864143185,False,Original,False
-0.0299700554174169,False,Original,False
-0.002557353781885,False,Original,False
0.02175294354981,False,Original,False
-0.0107428334518502,False,Original,False
-0.0442424092808083,False,Synthetic,True
0.0121228754554749,False,Original,False
0.0037445332714423,False,Original,False
-0.0166221257438721,False,Original,False
-0.012153586741924,False,Original,False
0.0207986321263895,False,Original,False
-0.006307274250771,False,Original,False
-0.0087759679605561,False,Original,False
0.0026560440581153,False,Original,False
0.0166100545656195,False,Original,False
-0.0003727587921034,False,Original,False
0.025036283012005,False,Original,False
-0.020498091240837,False,Original,False
0.0111460832839522,False,Original,False
0.0079693348115217,False,Original,False
0.0593778649221546,False,Synthetic,True
-0.0727433973429061,False,Synthetic,True
-0.0190253660053016,False,Original,False
-0.002726035309239,False,Original,False
0.0145284651133668,False,Original,False
-0.0688119359386345,False,Synthetic,True
-0.0149534077820998,False,Original,False
0.0010700910598426,False,Original,False
-0.0003820439396982,False,Original,False
-0.0873376962613742,False,Synthetic,True
-0.0426006000909851,True,Original,True
0.0057261171250502,False,Original,False
-0.0143772444542076,False,Original,False
-0.0071048256237453,False,Original,False
0.0220370310467306,False,Original,False
-0.0416743827454748,True,Original,True
0.0023109947558292,False,Original,False
-0.0106084203886389,False,Original,False
0.0166904642871035,False,Original,False
0.0118922962195622,False,Original,False
0.0247913536420441,False,Original,False
0.0030758334908664,False,Original,False
-0.0024441215305035,False,Original,False
0.0026016018457895,False,Original,False
-0.0265682386771164,False,Original,False
0.0150861471346406,False,Original,False
-0.0552577682661529,False,Synthetic,True
0.0098133107873881,False,Original,False
0.0023597902872278,False,Original,False
0.041756347325915,False,Synthetic,True
-0.0140632568771614,False,Original,False
0.004467888046399,False,Original,False
-0.0158310516292576,False,Original,False
-0.0046716106972599,False,Original,False
-0.0007939659011757,False,Original,False
-0.038623592021592,False,Original,False
0.0139369365222936,False,Original,False
0.0254806214004741,False,Original,False
-0.0314415258348184,False,Original,False
-0.0063262750528778,False,Original,False
-0.0141940544473708,False,Original,False
-0.0222315905569008,False,Original,False
0.0201394520474362,False,Original,False
-0.0097652093446605,False,Original,False
-0.0281394563816181,False,Original,False
-0.0521500177710017,True,Original,True
-0.0479746566540963,True,Original,True
0.0341291336502482,False,Original,False
-0.004938281640582,False,Original,False
-0.0014020659398266,False,Original,False
0.0296741271514431,False,Original,False
0.0113760706802459,False,Original,False
-0.0224238890515398,False,Original,False
-0.0042322263926433,False,Original,False
-0.0195518750380951,False,Original,False
0.0017847921698059,False,Original,False
-0.0123709023725329,False,Original,False
0.0153696863647123,False,Original,False
-0.0061007275425524,False,Original,False
-0.0062329033591286,False,Original,False
-0.1015169393114771,False,Synthetic,True
0.0147892283561983,False,Original,False
-0.0512916605059801,False,Synthetic,True
-0.0051860000251604,False,Original,False
0.0165943900759053,False,Original,False
0.0053783512437064,False,Original,False
-0.0215001738518125,False,Original,False
-0.0675225904524179,True,Original,True
-0.0148694052378548,False,Original,False
0.0194082198279108,False,Original,False
-0.0276505908263331,False,Original,False
-0.0475649684113648,True,Original,True
0.0024922806420644,False,Original,False
0.0109784764263238,False,Original,False
0.0440793681636186,True,Original,True
-0.0003073298185345,False,Original,False
0.0093820798332906,False,Original,False
-0.0395455730603035,False,Original,False
0.0296510668770864,False,Original,False
0.0117198793703163,False,Original,False
0.0441962345737074,True,Original,True
-0.0325119759406806,False,Original,False
-0.0265870556245406,False,Original,False
-0.0292174372306099,False,Original,False
-0.0107522194124474,False,Original,False
-0.0172734511794345,False,Original,False
0.0366709537472846,False,Original,False
-0.0115083358507419,False,Original,False
-0.0164885962560372,False,Original,False
0.0187161230323056,False,Original,False
0.027691022738967,False,Original,False
-0.0027865232953807,False,Original,False
0.042688791688942,True,Original,True
0.0267724832396947,False,Original,False
0.0007710100613245,False,Original,False
0.0071994551428531,False,Original,False
-0.0070067954755597,False,Original,False
-0.0003853564594891,False,Original,False
-0.0235947379267091,False,Original,False
-0.013808395033795,False,Original,False
-0.0277908351575231,False,Original,False
-0.000617283970218,False,Original,False
0.0240975515790609,False,Original,False
0.0006025911601437,False,Original,False
0.022044383883637,False,Original,False
-0.000884303668533,False,Original,False
-0.0567809216960849,False,Synthetic,True
-0.0349825797402711,False,Original,False
-0.0185827430338925,False,Original,False
-0.0151399394105027,False,Original,False
-0.0780101606848548,False,Synthetic,True
-0.0439473838237142,False,Synthetic,True
-0.0340634556669687,False,Original,False
-0.0126006446701048,False,Original,False
0.0087070641509718,False,Original,False
-0.0031475578164865,False,Original,False
-0.0539343654126458,True,Original,True
-0.0107273651121868,False,Original,False
0.0425692784487932,True,Original,True
-0.01998046040028,False,Original,False
-0.0408346060461146,False,Synthetic,True
0.0130436631920289,False,Original,False
-0.0438187409018269,True,Original,True
-0.0018068892550111,False,Original,False
-0.0150327395292659,False,Original,False
0.0171780573508772,False,Original,False
-0.0012414650880643,False,Original,False
-0.0466974936724522,True,Original,True
0.0066045764314033,False,Original,False
-0.0161160023158277,False,Original,False
0.0615026189157426,True,Original,True
0.0133900683925407,False,Original,False
0.0116805735735709,False,Original,False
0.0219955776921114,False,Original,False
0.0531135208122766,True,Original,True
-0.004175371410481,False,Original,False
0.0218036294641006,False,Original,False
-0.0450328781474649,True,Original,True
0.0028161687451699,False,Original,False
0.0475941372179899,True,Original,True
-0.0848949628296651,False,Synthetic,True
-0.0027575357241165,False,Original,False
0.0964170939778821,False,Synthetic,True
-0.0052594437005684,False,Original,False
-0.0161524673070303,False,Original,False
0.0098452236105188,False,Original,False
0.0062058289608621,False,Original,False
0.0026334462702237,False,Original,False
-0.0168311210458345,False,Original,False
0.0044136586917815,False,Original,False
0.0122151355956496,False,Original,False
-0.0095898805122587,False,Original,False
0.0183534722325511,False,Original,False
0.0,False,Original,False
0.0116657188159621,False,Original,False
-0.0436544300791383,False,Synthetic,True
0.0111149841927318,False,Original,False
-0.0153029620693931,False,Original,False
-0.011188653377582,False,Original,False
0.0092347645183785,False,Original,False
-0.0612092941934101,False,Synthetic,True
0.0684840984824192,False,Synthetic,True
0.0155788450282923,False,Original,False
-0.0010310728757101,False,Original,False
-0.0021593211225443,False,Original,False
-0.0215654583657389,False,Original,False
0.0148701624794505,False,Original,False
-0.0220020354226537,False,Original,False
-0.0007740687372468,False,Original,False
0.0270248005383937,False,Original,False
-0.0025470510444609,False,Original,False
-0.002174838926356,False,Original,False
0.0194053429337479,False,Original,False
0.0057396935947959,False,Original,False
0.0139336748731437,False,Original,False
0.0200971031981325,False,Original,False
0.0248492828259578,False,Original,False
-0.0017421607193846,False,Original,False
-0.0070576862702242,False,Original,False
0.0079291460203645,False,Original,False
-0.0142120121710878,False,Original,False
-0.00744948461009,False,Original,False
0.0030219559038844,False,Original,False
0.0004732047881983,False,Original,False
-0.0019830412133892,False,Original,False
0.0308066717764727,False,Original,False
-0.0002585872530893,False,Original,False
0.0355668309947425,False,Original,False
-0.012052372205547,False,Original,False
-0.0076071704857927,False,Original,False
0.0648447501405863,False,Synthetic,True
0.0274080497100719,False,Original,False
-0.0109227875267787,False,Original,False
0.0053531114036537,False,Original,False
-0.0168976106994218,False,Original,False
-0.0015884298787707,False,Original,False
-0.0233631753985932,False,Original,False
-0.0024009615375373,False,Original,False
-0.0184556639795872,False,Original,False
-0.0259570758761196,False,Original,False
0.0017934007676174,False,Original,False
-0.0344515981962896,False,Original,False
-0.0238352280240672,False,Original,False
-0.0012353306079937,False,Original,False
0.0323695239137222,False,Original,False
-0.0103637459485224,False,Original,False
0.0728516208619925,False,Synthetic,True
-0.0028374006496747,False,Original,False
-0.0309979674990632,False,Original,False
0.0014171668487374,False,Original,False
-0.0024577004525294,False,Original,False
-0.0176640865310151,False,Original,False
0.0094914666817871,False,Original,False
0.0027633539905647,False,Original,False
9.515200540022306e-05,False,Original,False
-0.0389999953629125,False,Original,False
-0.0026747254541437,False,Original,False
0.0106562429203442,False,Original,False
0.0252932714186719,False,Original,False
-0.0191291699089966,False,Original,False
-0.0034198088925379,False,Original,False
0.0110960842580229,False,Original,False
-0.0074812105057997,False,Original,False
-0.0060647745317012,False,Original,False
-0.0195181308774454,False,Original,False
0.0130214055953548,False,Original,False
0.0151911580128647,False,Original,False
-0.0144014245068646,False,Original,False
0.0068346916332853,False,Original,False
0.0099954512190301,False,Original,False
0.0295418452491862,False,Original,False
0.0102161252184931,False,Original,False
-0.0394669202594641,False,Original,False
0.048914161584421,False,Synthetic,True
0.0226619632656319,False,Original,False
0.0192889875540203,False,Original,False
0.0031481507482169,False,Original,False
0.0053476063265947,False,Original,False
0.025062603008477,False,Original,False
-0.0130886013456574,False,Original,False
0.0138057685659962,False,Original,False
0.0193474263540167,False,Original,False
-0.0288918892287615,False,Original,False
0.0160649629546369,False,Original,False
-0.0023174981403624,False,Original,False
0.0024065255163385,False,Original,False
0.0144065419762302,False,Original,False
-0.0107632269762785,False,Original,False
0.0278160153589972,False,Original,False
0.0238674814066435,False,Original,False
0.0112238384046268,False,Original,False
0.0049850551889196,False,Original,False
0.0057846620276595,False,Original,False
-0.0298579570695824,False,Original,False
-0.0469933453797561,False,Synthetic,True
-0.0143899699346707,False,Original,False
0.0109825213698577,False,Original,False
0.0131396795720171,False,Original,False
0.0193500616210116,False,Original,False
-0.0052176191911517,False,Original,False
0.0288095872088103,False,Original,False
-0.0173884401217172,False,Original,False
0.0030873919689486,False,Original,False
0.0188891352449775,False,Original,False
-0.0046687680394459,False,Original,False
-0.0223555038987477,False,Original,False
0.0004949270083702,False,Original,False
0.0273321064724907,False,Original,False
0.0171841937399452,False,Original,False
-0.0095899288551475,False,Original,False
-0.0616301174410664,False,Synthetic,True
0.0192578888859102,False,Original,False
0.0482702322308607,False,Synthetic,True
-0.014837183908952,False,Original,False
0.0243762069557114,False,Original,False
-0.0027051065689995,False,Original,False
0.0224229788676098,False,Original,False
0.0079897915045492,False,Original,False
0.0075539793034256,False,Original,False
0.0028273828359104,False,Original,False
-0.0247483389368738,False,Original,False
0.0072092894296584,False,Original,False
-0.0368914808522617,False,Original,False
-7.845906402259573e-05,False,Original,False
0.02242229008211,False,Original,False
0.0051272352613445,False,Original,False
0.0032007343283364,False,Original,False
-0.0223898562462583,False,Original,False
0.0301961788091755,False,Original,False
0.0036171855566031,False,Original,False
0.0083149660685322,False,Original,False
0.0012673800481248,False,Original,False
-0.0144837622558053,False,Original,False
0.009104995366016,False,Original,False
0.027192454230871,False,Original,False
0.0045094265083829,False,Original,False
0.0103238833416359,False,Original,False
-0.0055457666713145,False,Original,False
0.0034607100148562,False,Original,False
-0.0012242988818158,False,Original,False
0.0076095126698394,False,Original,False
-0.0179677958602297,False,Original,False
0.0071825316941946,False,Original,False
-0.0040565068302171,False,Original,False
-0.0194963665846383,False,Original,False
0.0144024827714215,False,Original,False
-0.0429308043723768,True,Original,True
-0.0107190368632714,False,Original,False
0.0089659208229715,False,Original,False
-0.0062753707123572,False,Original,False
0.006580481317318,False,Original,False
-0.0067340321813436,False,Original,False
-0.0039235346713102,False,Original,False
0.0242168398503217,False,Original,False
0.0014285179678239,False,Original,False
-0.0133113446382395,False,Original,False
0.0111301546493329,False,Original,False
0.0090695071328656,False,Original,False
0.0160619270358406,False,Original,False
-0.0136770697421475,False,Original,False
0.0049749499304372,False,Original,False
-0.0134220194057839,False,Original,False
0.0198453129290108,False,Original,False
-0.0482735183869313,False,Synthetic,True
-0.0093724164910398,False,Original,False
0.0547784154079195,False,Synthetic,True
0.0125475821899723,False,Original,False
-0.0085912432320451,False,Original,False
0.0115591414618343,False,Original,False
-0.0026054874694718,False,Original,False
-0.0027576214862712,False,Original,False
-0.0007996801705658,False,Original,False
-0.0078122545318422,False,Original,False
-0.0014670287968137,False,Original,False
-0.0109234239888635,False,Original,False
0.007172730126923,False,Original,False
-0.033109158607278,False,Original,False
-0.0146536819808886,False,Original,False
0.0092315449044537,False,Original,False
-0.0131809053635976,False,Original,False
0.0335704395498144,False,Original,False
0.0128226000198967,False,Original,False
0.0044345970678651,False,Original,False
0.0030925582411978,False,Original,False
0.0058642595853601,False,Original,False
0.0094566791889381,False,Original,False
0.0056313772385063,False,Original,False
0.0182627418475469,False,Original,False
0.0008479367381983,False,Original,False
0.021590358295457,False,Original,False
0.0139343985074358,False,Original,False
-0.0038930486623751,False,Original,False
-0.0096266988370476,False,Original,False
0.0275987671136821,False,Original,False
0.0176547672053697,False,Original,False
-0.005164206392255,False,Original,False
0.0072092643336194,False,Original,False
0.0116623217895153,False,Original,False
0.0066221108059938,False,Original,False
0.011580160286746,False,Original,False
-0.0660166197555524,False,Synthetic,True
0.0123399762355767,False,Original,False
0.0093897403498388,False,Original,False
-0.0209022971320429,False,Original,False
0.016719104942533,False,Original,False
0.0191485323996509,False,Original,False
0.0078868137235339,False,Original,False
-0.0048225225471849,False,Original,False
-0.0044155597315693,False,Original,False
0.013552493613707,False,Original,False
0.0237871075911311,False,Original,False
-0.0022525202173788,False,Original,False
-0.0218984663273698,False,Original,False
-0.0025508668554028,False,Original,False
-0.0237535012731413,False,Original,False
-0.0158175529797084,False,Original,False
0.0003162855452245,False,Original,False
0.0186722216878205,False,Original,False
-0.0061021359959099,False,Original,False
0.0348608482374093,False,Original,False
0.0188216950479773,False,Original,False
0.0114764523594672,False,Original,False
0.0107096070463761,False,Original,False
0.011340535434817,False,Original,False
0.0189941925837757,False,Original,False
-0.0054628018598457,False,Original,False
-0.0018087276014018,False,Original,False
0.0216024965601135,False,Original,False
0.006401787867972,False,Original,False
-0.0130677385594868,False,Original,False
0.0007242945409533,False,Original,False
-0.0091759162254074,False,Original,False
0.0320261877743952,False,Original,False
0.0042912692485952,False,Original,False
-0.0116673442149846,False,Original,False
-0.0303433160889508,False,Original,False
0.0069851568379846,False,Original,False
-0.0035991490882523,False,Original,False
0.0265733574802098,False,Original,False
0.0759351738977393,False,Synthetic,True
0.0082688670039789,False,Original,False
-0.0062091340409686,False,Original,False
0.0293179714930964,False,Original,False
0.0012952670600387,False,Original,False
-0.0127009957468384,False,Original,False
0.0165767609473181,False,Original,False
0.003164814228004,False,Original,False
-0.0053700053865259,False,Original,False
-0.0088153946932489,False,Original,False
0.020697994496448,False,Original,False
-0.0526972858899226,False,Synthetic,True
0.0122414819257556,False,Original,False
-0.0168374712044165,False,Original,False
0.0076837259738038,False,Original,False
-0.0003189792690534,False,Original,False
0.0206290533840771,False,Original,False
0.0025489648883052,False,Original,False
0.022754519330709,False,Original,False
0.006025182147427,False,Original,False
-0.0058220642875905,False,Original,False
-0.0678659873361062,False,Synthetic,True
0.0111098415100112,False,Original,False
0.0165585407198705,False,Original,False
-0.0030747480238115,False,Original,False
0.0040002004655974,False,Original,False
-0.0061532645191064,False,Original,False
0.0854925700851223,False,Synthetic,True
0.0004309416140824,False,Original,False
0.0176046682852817,False,Original,False
0.0831283742651031,False,Synthetic,True
0.0152833654547972,False,Original,False
0.0412123132113752,False,Synthetic,True
-0.0126669000047208,False,Original,False
0.0024113828901963,False,Original,False
0.0209259524564267,False,Original,False
0.0135871655463084,False,Original,False
-0.0048046739659586,False,Original,False
0.0113447376305018,False,Original,False
0.0026778722313984,False,Original,False
-0.0055483774664679,False,Original,False
0.0042103377254623,False,Original,False
0.0068099467152489,False,Original,False
0.0108547996392918,False,Original,False
0.0086267782813234,False,Original,False
-0.0093376984991291,False,Original,False
0.0050336119925606,False,Original,False
0.0136593616492408,False,Original,False
0.0472933247683133,True,Original,True
0.0018680484331845,False,Original,False
-0.0109178839531018,False,Original,False
-0.0541443783559756,False,Synthetic,True
0.00839741257397,False,Original,False
0.013290888008953,False,Original,False
-0.0123296910358536,False,Original,False
-0.0228574137220753,False,Original,False
-0.0188526107361326,False,Original,False
0.0083700642610953,False,Original,False
0.0098840512451356,False,Original,False
0.0124937882165241,False,Original,False
-0.0160493855966255,False,Original,False
-0.014393713090131,False,Original,False
0.0216201358317871,False,Original,False
0.0367662329891942,False,Original,False
-0.0051054129339895,False,Original,False
-0.0155583653337494,False,Original,False
-0.0634323077937839,True,Original,True
-0.0241890763823473,False,Original,False
-0.0029332254405325,False,Original,False
0.0224208357110722,False,Original,False
-0.0271135200679388,False,Original,False
-0.0277269556191068,False,Original,False
0.0407385470788188,False,Original,False
-0.000318681571521,False,Original,False
0.0094714414345524,False,Original,False
0.0452378313560597,True,Original,True
-0.0057933581835971,False,Original,False
-0.0233818473383831,False,Original,False
-0.0152510838598729,False,Original,False
0.0106243294544086,False,Original,False
-0.0191785466803722,False,Original,False
-0.0488560754324414,True,Original,True
0.0182562769968726,False,Original,False
0.0043180450416659,False,Original,False
-0.0134045226624248,False,Original,False
0.0217537172733468,False,Original,False
-0.0073852492013095,False,Original,False
0.0141189707986182,False,Original,False
0.0336272476056027,False,Original,False
-0.0025366605355721,False,Original,False
0.0048008627060127,False,Original,False
-0.0069866559259939,False,Original,False
0.0212087656225286,False,Original,False
0.0052326461346421,False,Original,False
-0.0139709281844577,False,Original,False
-0.0452900780471381,True,Original,True
-0.0427562590204324,True,Original,True
0.047635889381274,True,Original,True
-0.0252047753177286,False,Original,False
0.0176913149103992,False,Original,False
0.0132373123786493,False,Original,False
0.0211884776216084,False,Original,False
-0.0048845070338465,False,Original,False
-0.0272305323310373,False,Original,False
-0.0451400201992818,False,Synthetic,True
-0.0104291061410002,False,Original,False
0.000714540937869,False,Original,False
0.0254356581825394,False,Original,False
-0.0004643387899179,False,Original,False
0.0235013340581566,False,Original,False
0.0044811662630745,False,Original,False
0.0225511353883227,False,Original,False
0.0132469697468771,False,Original,False
0.0085476168534111,False,Original,False
-0.0032022183233486,False,Original,False
0.051242010694967,False,Synthetic,True
0.0124868785051663,False,Original,False
0.0009529744517706,False,Original,False
0.0014643435037218,False,Original,False
-0.0070484873310618,False,Original,False
-0.0137098203627861,False,Original,False
-0.0260167678501463,False,Original,False
0.0013790569437581,False,Original,False
-0.0065444053282472,False,Original,False
0.0547784154079195,False,Synthetic,True
0.019419910579721,False,Original,False
-0.0163881697449941,False,Original,False
0.0209686611802446,False,Original,False
-0.0123970455662014,False,Original,False
-0.000328322509457,False,Original,False
-0.0403490879534782,True,Original,True
-0.0301963992310181,False,Original,False
-0.0130727439332769,False,Original,False
0.0051887388770719,False,Original,False
0.0140567092716015,False,Original,False
0.0018993358036532,False,Original,False
-0.0426421192660022,True,Original,True
-0.0419390497802771,False,Synthetic,True
-0.0561101229000762,True,Original,True
0.0516425857981079,True,Original,True
-0.011447918203931,False,Original,False
0.0910923960557586,False,Synthetic,True
0.0112934494016574,False,Original,False
-0.0266261339619582,False,Original,False
-0.0439473838237142,False,Synthetic,True
0.0070884197563199,False,Original,False
-0.0242646219996327,False,Original,False
0.0024640669551594,False,Original,False
0.0207833426538464,False,Original,False
0.0101788829501217,False,Original,False
0.011020702647178,False,Original,False
0.0342790565824842,False,Original,False
-0.0034009321884571,False,Original,False
-0.0062226050015983,False,Original,False
5.116267172589062e-05,False,Original,False
0.0087105458674852,False,Original,False
-0.0162081417148467,False,Original,False
0.0213680074729278,False,Original,False
0.0311950989187064,False,Original,False
-0.0080037745281451,False,Original,False
-0.0208730086662107,False,Original,False
0.0166572063614065,False,Original,False
-0.0182189588640344,False,Original,False
-0.0175987452364481,False,Original,False
0.0282806250948528,False,Original,False
0.0203922439011421,False,Original,False
-0.0061282211642925,False,Original,False
-9.835743098385308e-05,False,Original,False
-0.0019691829333723,False,Original,False
-0.0046429007635779,False,Original,False
0.0310491616516905,False,Original,False
-0.0061621608432886,False,Original,False
0.0020261476370517,False,Original,False
-0.019416195946297,False,Original,False
0.021871011744281,False,Original,False
0.0165915605759217,False,Original,False
0.0094122771195728,False,Original,False
0.0102058345597111,False,Original,False
0.0047180808183711,False,Original,False
-0.0224938318659884,False,Original,False
-0.0008026629954773,False,Original,False
-0.0448387099258289,False,Synthetic,True
-0.0439473838237142,False,Synthetic,True
0.0211206048657128,False,Original,False
0.0067115899140759,False,Original,False
-0.0001845444065224,False,Original,False
0.0179253965152454,False,Original,False
0.0171643322478978,False,Original,False
-0.0154888728028179,False,Original,False
0.0116502678394194,False,Original,False
-0.0249497897924708,False,Original,False
0.0605928254335094,False,Synthetic,True
-0.0064172330745613,False,Original,False
-0.0127247749268306,False,Original,False
0.0194640914237833,False,Original,False
0.0196339298699488,False,Original,False
0.0027029478569975,False,Original,False
0.0048917409337434,False,Original,False
0.004957027008686,False,Original,False
-0.0033466486691651,False,Original,False
-0.0087540681599165,False,Original,False
-0.0389862740477635,False,Original,False
0.015029480494892,False,Original,False
-0.0182696044819223,False,Original,False
0.0221414691944996,False,Original,False
0.0423079616616832,False,Synthetic,True
0.0,False,Original,False
-0.0078658104930617,False,Original,False
0.0168195787156761,False,Original,False
0.0135541150899456,False,Original,False
0.0320277151855812,False,Original,False
0.0703882469130896,False,Synthetic,True
0.0113157219650581,False,Original,False
-0.0149412091519778,False,Original,False
-0.0419390497802771,False,Synthetic,True
0.0081867727760727,False,Original,False
-0.0208596520524313,False,Original,False
0.0006640253458982,False,Original,False
0.0119651275700185,False,Original,False
-0.0028901754222339,False,Original,False
-0.0127991861131757,False,Original,False
0.0077432302108793,False,Original,False
-0.0121057727423146,False,Original,False
0.0038738165414784,False,Original,False
0.0014654619937317,False,Original,False
-4.437640063770232e-05,False,Original,False
-0.0110666011171129,False,Original,False
-0.0143718295992467,False,Original,False
-0.0072641203905252,False,Original,False
0.0226674558554229,False,Original,False
0.0015676441523631,False,Original,False
0.0235304974101939,False,Original,False
0.0086181164520287,False,Original,False
0.0001733402673771,False,Original,False
0.0012125412883516,False,Original,False
-0.0155711356739196,False,Original,False
0.0085352760303027,False,Original,False
0.0012196185848392,False,Original,False
-0.0060254297479147,False,Original,False
0.0172369403846932,False,Original,False
0.0759351738977393,False,Synthetic,True
0.0015930083234447,False,Original,False
0.0226286717277179,False,Original,False
0.0155656532283163,False,Original,False
0.0022748432930761,False,Original,False
-0.0073810253820028,False,Original,False
0.003199603818345,False,Original,False
-0.0073702734164609,False,Original,False
0.0011277961137761,False,Original,False
0.0017101507848931,False,Original,False
-0.0298643292185563,False,Original,False
-0.0142711295957589,False,Original,False
0.0176575485895469,False,Original,False
0.0018384322927413,False,Original,False
-0.0223748104025762,False,Original,False
-0.0008740113303833,False,Original,False
0.0080989731209637,False,Original,False
-0.0141505614892114,False,Original,False
-0.005822946445523,False,Original,False
0.0108247118749567,False,Original,False
0.0139941440642044,False,Original,False
-0.0104990118417553,False,Original,False
0.0053500486455622,False,Original,False
0.0095413567881088,False,Original,False
-0.0081252738984822,False,Original,False
0.0246172420861956,False,Original,False
0.0092554299741607,False,Original,False
-0.0142552285341128,False,Original,False
-0.0141166736619275,False,Original,False
0.00017230981347,False,Original,False
0.010241995638589,False,Original,False
0.0028099473529863,False,Original,False
0.0216174622125162,False,Original,False
-0.0152885953956012,False,Original,False
0.004285911554092,False,Original,False
0.0166037772109763,False,Original,False
-0.0011177117053726,False,Original,False
-0.0045249885209095,False,Original,False
0.0169562015415003,False,Original,False
-0.0043046084712283,False,Original,False
0.0011497085934255,False,Original,False
0.0202708271246923,False,Original,False
0.0052541983905314,False,Original,False
-0.0057368821213934,False,Original,False
0.0109238226897083,False,Original,False
0.0042491575558809,False,Original,False
-0.0013879252748481,False,Original,False
0.0105787676374013,False,Original,False
0.0064578217029875,False,Original,False
-0.0254448558179696,False,Original,False
-0.0008407230713185,False,Original,False
-0.0178612256286445,False,Original,False
0.0164584478991649,False,Original,False
0.011643339000674,False,Original,False
0.0133104272742556,False,Original,False
0.0005084182436121,False,Original,False
-0.0583496287574377,False,Synthetic,True
-0.0066809337644624,False,Original,False
-0.0047660063651022,False,Original,False
0.0137284128617949,False,Original,False
-0.0064712604495298,False,Original,False
0.0733557102075462,False,Synthetic,True
-0.0018436749783266,False,Original,False
-0.0451400201992818,False,Synthetic,True
-0.0425028850390997,False,Synthetic,True
0.0016833088637522,False,Original,False
-0.0506039625880852,False,Synthetic,True
-0.0014516562888466,False,Original,False
-0.0168084142230657,False,Original,False
-0.0345693904375643,False,Original,False
-0.0062979618746812,False,Original,False
-0.0132495466470352,False,Original,False
0.0154745116620897,False,Original,False
-0.0185571915113751,False,Original,False
0.003205789601786,False,Original,False
0.0057283299029062,False,Original,False
0.0120043618531155,False,Original,False
0.0047456352888382,False,Original,False
-0.0165460195787794,False,Original,False
-0.0175298703384356,False,Original,False
0.0075269172563618,False,Original,False
-0.0276118709236996,False,Original,False
0.0087712462483811,False,Original,False
0.0158283877734835,False,Original,False
0.0485910477670959,False,Synthetic,True
-0.0205938085220207,False,Original,False
-0.0025834424135684,False,Original,False
0.0158533091123391,False,Original,False
-0.00832994507339,False,Original,False
0.0187067029441845,False,Original,False
0.0108734069136069,False,Original,False
0.0339122723172042,False,Original,False
0.0223657633948928,False,Original,False
0.003868770234126,False,Original,False
0.0096069456263041,False,Original,False
0.0443001638600074,False,Synthetic,True
0.0029355333262888,False,Original,False
-0.0085293191723554,False,Original,False
0.0264438035888581,False,Original,False
-0.0124428221499393,False,Original,False
0.0036187993007494,False,Original,False
-0.0042169748831142,False,Original,False
0.0169828695129705,False,Original,False
0.0445125068804692,True,Original,True
-0.0003869084306362,False,Original,False
-0.010112525184498,False,Original,False
-0.0146416548244161,False,Original,False
0.0168071183163807,False,Original,False
0.0451842725926266,False,Synthetic,True
0.0182844461384483,False,Original,False
0.0087977107035293,False,Original,False
-0.0148439691175088,False,Original,False
-0.0176245111243726,False,Original,False
0.0018570107472122,False,Original,False
-0.0173727048544751,False,Original,False
0.000854487893342,False,Original,False
0.0505649234003425,False,Synthetic,True
0.008625876817204,False,Original,False
0.0092644591597395,False,Original,False
-0.0177091141790892,False,Original,False
-0.0066177246823055,False,Original,False
-0.0509465748774367,False,Synthetic,True
-0.0422199906539204,False,Synthetic,True
0.0171486733091033,False,Original,False
-0.0168058488128401,False,Original,False
-0.0159315448550341,False,Original,False
0.0240109409389805,False,Original,False
0.0053126479016789,False,Original,False
0.0061066032230172,False,Original,False
-0.0138021408427349,False,Original,False
-0.0140721170457656,False,Original,False
0.0526258559949461,False,Synthetic,True
0.0235766549949119,False,Original,False
-0.0162094250852398,False,Original,False
0.0005793183516278,False,Original,False
0.0117454234769009,False,Original,False
-0.0053566090738659,False,Original,False
-0.0423961631277496,True,Original,True
-0.0132153414030184,False,Original,False
0.0089234032448786,False,Original,False
0.0273196619231921,False,Original,False
-0.0199105890027375,False,Original,False
-0.011840632827857,False,Original,False
0.0186009083054479,False,Original,False
0.0028889744453586,False,Original,False
-0.0669342974285125,False,Synthetic,True
-0.0322881395330441,False,Original,False
0.0163951403936621,False,Original,False
-0.0056106223993435,False,Original,False
0.0004451549010191,False,Original,False
0.0302075169688347,False,Original,False
-0.0014928307624053,False,Original,False
0.0059970782382272,False,Original,False
-0.0048576113068214,False,Original,False
-0.0279543566934385,False,Original,False
-0.0025878466587307,False,Original,False
-0.023845770970464,False,Original,False
-0.0095826081161121,False,Original,False
0.0203877280868383,False,Original,False
0.0013936713192013,False,Original,False
0.0196717016557332,False,Original,False
0.0448875008166062,False,Synthetic,True
-0.0124416510366032,False,Original,False
-0.0125983979550028,False,Original,False
0.0135358916548238,False,Original,False
-0.002733412549869,False,Original,False
0.0312494009598687,False,Original,False
0.0066694538743448,False,Original,False
-0.0085718760723096,False,Original,False
0.0290113395018583,False,Original,False
-0.0530551108203235,False,Synthetic,True
-0.0103385443364096,False,Original,False
-0.0454434728595864,False,Synthetic,True
-0.0209568382972342,False,Original,False
-0.0130310724270401,False,Original,False
-0.0088643690269982,False,Original,False
0.0188940585658361,False,Original,False
-0.0019657800244399,False,Original,False
0.0332534687198062,False,Original,False
-0.0102685138483682,False,Original,False
0.0105403849054859,False,Original,False
0.0131936178159399,False,Original,False
-0.0018028735775725,False,Original,False
-0.0125175487016164,False,Original,False
-0.0017120626750042,False,Original,False
-0.0341459877347087,False,Original,False
0.0040616950054417,False,Original,False
0.012324907225377,False,Original,False
0.001386495755618,False,Original,False
-0.0053585378383935,False,Original,False
-0.0029894196884594,False,Original,False
0.0103253369578339,False,Original,False
-0.0105648770420199,False,Original,False
-0.0148836214900356,False,Original,False
-0.0064238308395694,False,Original,False
-0.0027365385590947,False,Original,False
-0.001104904660929,False,Original,False
-0.0664737291232938,False,Synthetic,True
0.0205736011118577,False,Original,False
0.0124534610712867,False,Original,False
0.0024721891453882,False,Original,False
0.0985032755191329,False,Synthetic,True
-0.0567809216960849,False,Synthetic,True
-0.0019765977339858,False,Original,False
0.0170280322745899,False,Original,False
0.0053155497925612,False,Original,False
-0.0176062947741577,False,Original,False
-0.0344571566779219,False,Original,False
0.0136442125591411,False,Original,False
0.0187234087727699,False,Original,False
-0.055634365189909,False,Synthetic,True
-0.0009978891635977,False,Original,False
0.0097822713581905,False,Original,False
0.0184984648341508,False,Original,False
-0.0028035829439652,False,Original,False
-0.0091757563159031,False,Original,False
0.0018117314535164,False,Original,False
0.0072517178898774,False,Original,False
0.0214815119256304,False,Original,False
-0.00639614002365,False,Original,False
-0.0180097891031412,False,Original,False
0.0118693540367527,False,Original,False
0.0156097857186701,False,Original,False
-0.0108347400925907,False,Original,False
0.0123313365282324,False,Original,False
-0.0190004979645141,False,Original,False
-0.0095623020568602,False,Original,False
0.0228931248303858,False,Original,False
-0.0182126077951956,False,Original,False
-0.0021315989447696,False,Original,False
0.0255031007895638,False,Original,False
-0.0112667944128403,False,Original,False
0.010646209217608,False,Original,False
0.0079652715226696,False,Original,False
0.015849673201945,False,Original,False
-0.0029639173946662,False,Original,False
0.0126865119019843,False,Original,False
0.007142761846957,False,Original,False
0.0116075688483547,False,Original,False
-0.0009361511007348,False,Original,False
0.0165133792355227,False,Original,False
-0.0076035575421986,False,Original,False
-0.007350056381691,False,Original,False
0.0061115809240916,False,Original,False
0.0108190592428254,False,Original,False
0.0152076196362127,False,Original,False
0.008682349338823,False,Original,False
-0.0005653945440382,False,Original,False
0.025553150727152,False,Original,False
-0.0051694823729775,False,Original,False
0.0198806005539484,False,Original,False
-0.004901106951733,False,Original,False
-0.008578483979992,False,Original,False
0.0142142861461298,False,Original,False
-0.0034545663374032,False,Original,False
0.0119441484942033,False,Original,False
0.0085750840707703,False,Original,False
-0.0181189625824753,False,Original,False
-0.0364576243989649,False,Original,False
-0.0315562207643527,False,Original,False
0.0252040368429433,False,Original,False
0.0100913719447497,False,Original,False
0.0110690723057746,False,Original,False
-0.0242680604048981,False,Original,False
-0.0036881852369319,False,Original,False
0.0157305116627917,False,Original,False
-0.0395937739360885,False,Original,False
0.0078472089480143,False,Original,False
-0.0330697541392321,False,Original,False
0.0289310859432081,False,Original,False
0.0223357474676664,False,Original,False
-0.0113597365367343,False,Original,False
0.0078341725726946,False,Original,False
-0.0202850847296787,False,Original,False
0.0063301095875125,False,Original,False
0.0294415672777041,False,Original,False
0.0231129547581563,False,Original,False
0.006451635281488,False,Original,False
-0.0068400602232525,False,Original,False
0.0020698584362754,False,Original,False
0.0006136653778501,False,Original,False
-0.0098967337618631,False,Original,False
0.0019221064379006,False,Original,False
-0.0451400201992818,False,Synthetic,True
-0.0096164087017687,False,Original,False
0.0086654798350025,False,Original,False
0.0196533799016211,False,Original,False
0.0004824004338672,False,Original,False
0.0002571851103994,False,Original,False
0.0121089675860996,False,Original,False
0.0143147859918997,False,Original,False
6.260956676307217e-05,False,Original,False
-0.0007829014727001,False,Original,False
-0.0177633546433479,False,Original,False
0.0093319198086874,False,Original,False
0.0083374454553926,False,Original,False
0.0216948416434821,False,Original,False
0.0065700247024835,False,Original,False
-0.0039979910729321,False,Original,False
0.0158367486762891,False,Original,False
0.0420312031572159,False,Synthetic,True
-0.0084921644065616,False,Original,False
0.0135166120114149,False,Original,False
0.0014872599223618,False,Original,False
0.0135261359399923,False,Original,False
0.006234266787489,False,Original,False
-0.0130497796363755,False,Original,False
0.0029781175654886,False,Original,False
-0.0086580627431143,False,Original,False
0.0018767410763338,False,Original,False
0.0135169665848735,False,Original,False
-0.0001193495451214,False,Original,False
-0.0054455283869536,False,Original,False
-0.0009905597472066,False,Original,False
0.0021899242278795,False,Original,False
-0.007006599203434,False,Original,False
0.0095504825391721,False,Original,False
0.0529781323662936,False,Synthetic,True
0.0303926520124147,False,Original,False
0.0132581784747518,False,Original,False
-0.0509465748774367,False,Synthetic,True
0.0153104068628469,False,Original,False
-0.0038976494013489,False,Original,False
-0.0081834912416365,False,Original,False
0.0254376330398535,False,Original,False
-0.0048235863275927,False,Original,False
0.0032925974274533,False,Original,False
0.0175896073116579,False,Original,False
-0.0114242911817594,False,Original,False
-0.0087314942138299,False,Original,False
0.0978022919544734,False,Synthetic,True
-0.0044321854128188,False,Original,False
-0.0017183306422321,False,Original,False
0.0207485290656919,False,Original,False
-0.0132152806743448,False,Original,False
0.0294990891825044,False,Original,False
0.0509022427137489,False,Synthetic,True
0.0110434441656863,False,Original,False
0.0036802651653129,False,Original,False
0.0026539017502003,False,Original,False
-0.0311679954802617,False,Original,False
-0.0011265189078581,False,Original,False
0.0015821303060246,False,Original,False
-0.0205467212192935,False,Original,False
-0.001724586732033,False,Original,False
0.0104387642000673,False,Original,False
0.0025183814439362,False,Original,False
-0.023561406803175,False,Original,False
0.0141050715611399,False,Original,False
0.0165709258470929,False,Original,False
0.0269438115140481,False,Original,False
0.0043298014902823,False,Original,False
0.0030405033753559,False,Original,False
-0.0097256486568859,False,Original,False
0.0020939127160612,False,Original,False
0.0041486798098624,False,Original,False
0.005323650825499,False,Original,False
-0.0049244769365834,False,Original,False
0.002266194176915,False,Original,False
0.0172623372447322,False,Original,False
-0.0013281571220886,False,Original,False
0.0029094270580429,False,Original,False
-0.0228378098458392,False,Original,False
-0.0245733361873714,False,Original,False
-0.0035871116737755,False,Original,False
-0.0265501118360109,False,Original,False
0.0158193537042539,False,Original,False
0.0708734127504101,False,Synthetic,True
0.0201260593661434,False,Original,False
0.0185530161670968,False,Original,False
-0.0022774580857412,False,Original,False
-0.002834424384055,False,Original,False
0.0040654194190885,False,Original,False
-0.0213229951177229,False,Original,False
0.0120401725589456,False,Original,False
-0.0100100404373932,False,Original,False
0.0027448019257914,False,Original,False
0.0017017207435596,False,Original,False
-0.0258077103168314,False,Original,False
0.0218414053553992,False,Original,False
0.0075728749425127,False,Original,False
0.0046217515485071,False,Original,False
0.0199565766925946,False,Original,False
0.0021930116246569,False,Original,False
0.0064479062261941,False,Original,False
0.0059230687090803,False,Original,False
-0.0091803588074022,False,Original,False
-0.0116537280954407,False,Original,False
-0.0150311827603708,False,Original,False
0.0137828405525368,False,Original,False
-0.0090186079647214,False,Original,False
0.0014344694923558,False,Original,False
0.0084945418439126,False,Original,False
0.0284510565723206,False,Original,False
0.009206454160223,False,Original,False
-0.0040896773973493,False,Original,False
-0.0003352751382976,False,Original,False
-0.0002683010689459,False,Original,False
-0.0003270892857099,False,Original,False
0.0167693703594853,False,Original,False
-0.0164422810737754,False,Original,False
0.0152785257272007,False,Original,False
-0.0046769091884613,False,Original,False
0.0207500003583192,False,Original,False
-0.0023676738302391,False,Original,False
0.0013675883737427,False,Original,False
0.0107048951088106,False,Original,False
0.0023633831480136,False,Original,False
0.0111146855276924,False,Original,False
-0.0054221389005739,False,Original,False
-0.0219139751443897,False,Original,False
-0.0153944078775527,False,Original,False
-0.0239526383221253,False,Original,False
0.0036854922446174,False,Original,False
-0.0289569436139895,False,Original,False
-0.0127206109616047,False,Original,False
-0.001959227526374,False,Original,False
-0.0333049777099976,False,Original,False
-0.0106602301403295,False,Original,False
-0.0088454305415925,False,Original,False
0.0484548375022324,True,Original,True
0.0246348310571384,False,Original,False
-0.0094193857649518,False,Original,False
-0.0464688338026846,True,Original,True
0.0032079870676842,False,Original,False
0.0327986533518949,False,Original,False
0.0051261837712672,False,Original,False
-0.032192598143375,False,Original,False
-0.004966039292567,False,Original,False
-0.0360374269639631,False,Original,False
0.0049220772054283,False,Original,False
-0.0102960647473526,False,Original,False
-0.0443027423783224,True,Original,True
-0.021295023333625,False,Original,False
0.0028272222391958,False,Original,False
0.0052582034386539,False,Original,False
0.0380512082349504,False,Original,False
-0.0147009792941581,False,Original,False
-0.0078485202006781,False,Original,False
0.026842721068963,False,Original,False
-0.0066798575518571,False,Original,False
0.0099742773618611,False,Original,False
-0.0008659008795959,False,Original,False
0.0473213643478056,False,Synthetic,True
0.0132639820093896,False,Original,False
0.0463334042812029,True,Original,True
0.0039388436820981,False,Original,False
0.0196254339051904,False,Original,False
0.0002676516262418,False,Original,False
-0.0268237656591683,False,Original,False
0.0042517653989406,False,Original,False
-0.0118676962503183,False,Original,False
0.0010796894865556,False,Original,False
0.0113626643794244,False,Original,False
-0.008903114425264,False,Original,False
-0.0244759647932948,False,Original,False
-0.0001131477711098,False,Original,False
-0.0137862500215586,False,Original,False
0.0075433239567122,False,Original,False
0.0460346871064913,True,Original,True
-0.0258302718485001,False,Original,False
-0.0094455345807293,False,Original,False
0.0199075356257196,False,Original,False
0.0125370272494453,False,Original,False
-0.0023746172877885,False,Original,False
0.0080020023620299,False,Original,False
0.0132762590391202,False,Original,False
-0.0081657226678153,False,Original,False
-0.00643976466527,False,Original,False
0.012114492460002,False,Original,False
0.0043618528059816,False,Original,False
0.0105447264524247,False,Original,False
-0.0039710956799829,False,Original,False
-0.0026029922530153,False,Original,False
-0.0092178863901573,False,Original,False
0.0026538368857238,False,Original,False
-0.0110367482792756,False,Original,False
-0.010530566285821,False,Original,False
0.0200133959670818,False,Original,False
0.0101902874497827,False,Original,False
-0.003163339825706,False,Original,False
0.0509022427137489,False,Synthetic,True
-0.0104668148684954,False,Original,False
-0.0130827039655301,False,Original,False
-0.0323064527429082,False,Original,False
0.0079934234809151,False,Original,False
0.0044874996914536,False,Original,False
0.0115301347875522,False,Original,False
-0.0019537974541705,False,Original,False
0.000247875843014,False,Original,False
-0.0022330976265863,False,Original,False
0.0298277982076911,False,Original,False
0.0097038963597917,False,Original,False
-0.0086596776215888,False,Original,False
0.0443001638600074,False,Synthetic,True
0.0147906491252634,False,Original,False
-0.0189398061395937,False,Original,False
-0.021734576010477,False,Original,False
0.010428493125314,False,Original,False
0.0110872285865379,False,Original,False
-0.0108935936431251,False,Original,False
0.0004424534113454,False,Original,False
0.0086163527029654,False,Original,False
-0.0164991513764984,False,Original,False
-0.0193863955911997,False,Original,False
-0.0104817673213641,False,Original,False
-0.0008904336425423,False,Original,False
0.0049876844784826,False,Original,False
0.0239021436644168,False,Original,False
0.0079805776361983,False,Original,False
0.0104695688515619,False,Original,False
-0.0010146021299526,False,Original,False
0.016570229624147,False,Original,False
-0.0168720667167292,False,Original,False
0.035346799134448,False,Original,False
0.0060217280448604,False,Original,False
-0.000974748815933,False,Original,False
-0.0463667937843069,False,Synthetic,True
0.0064624353845168,False,Original,False
-0.0086519889649316,False,Original,False
0.0036205970551463,False,Original,False
0.0100633359510027,False,Original,False
0.0097081923870163,False,Original,False
-0.0084734337797591,False,Original,False
-0.0054650579410076,False,Original,False
0.0060304798378982,False,Original,False
-0.0071426112357428,False,Original,False
0.0149996391275735,False,Original,False
0.0069100699212789,False,Original,False
0.0016189829242669,False,Original,False
0.0020704986691821,False,Original,False
-0.0080281033407381,False,Original,False
-0.0109424827592246,False,Original,False
0.0092883489571136,False,Original,False
0.0168453214936157,False,Original,False
-0.0142677601001217,False,Original,False
0.0268355855727779,False,Original,False
0.0198826363154207,False,Original,False
-0.0048362692235421,False,Original,False
0.0069432921994501,False,Original,False
-0.0126357449357943,False,Original,False
-0.002330288661053,False,Original,False
-0.0028035333022167,False,Original,False
0.0167287196038845,False,Original,False
-0.0101911710061877,False,Original,False
0.0070621131125214,False,Original,False
-0.0032363669036179,False,Original,False
0.0016194927100805,False,Original,False
0.0114801268078146,False,Original,False
0.0082172880719131,False,Original,False
0.0037388562659703,False,Original,False
-0.0074438478952458,False,Original,False
-0.020394305727839,False,Original,False
0.0031235536267431,False,Original,False
0.0223347797394115,False,Original,False
-0.0009058187551733,False,Original,False
-0.014533219200123,False,Original,False
0.031605016785198,False,Original,False
0.011723572994235,False,Original,False
-0.0014144437914023,False,Original,False
-0.0043485912373615,False,Original,False
0.0016067627194971,False,Original,False
0.0073949916831583,False,Original,False
-0.0064647157892867,False,Original,False
0.0061875219134961,False,Original,False
0.0107997373200579,False,Original,False
-0.0036404889607286,False,Original,False
-0.0019975897808439,False,Original,False
0.0018599530040788,False,Original,False
-0.0020208522010793,False,Original,False
-0.0026931548037687,False,Original,False
0.048914161584421,False,Synthetic,True
0.0056808533738195,False,Original,False
0.0209473328887295,False,Original,False
-0.0011685394588116,False,Original,False
0.020232836827196,False,Original,False
-0.0208851158907972,False,Original,False
-0.0096083935953235,False,Original,False
-0.0411580724935074,True,Original,True
0.0137527880224723,False,Original,False
-0.0194025205645917,False,Original,False
-0.0466789523999836,False,Synthetic,True
0.0078583092673643,False,Original,False
0.0099108838994528,False,Original,False
-0.0040923627695246,False,Original,False
-0.0068971434119138,False,Original,False
0.0026007817000586,False,Original,False
-0.0060319617719262,False,Original,False
0.0221180995235492,False,Original,False
0.0028741928938949,False,Original,False
0.0142257043939153,False,Original,False
0.0114783399230269,False,Original,False
-0.0061729283884233,False,Original,False
-0.0190720107164974,False,Original,False
0.0107514417758238,False,Original,False
0.0134859856854756,False,Original,False
0.0038677848725043,False,Original,False
0.0040751395288669,False,Original,False
0.0063798896121376,False,Original,False
0.0014563430716734,False,Original,False
-0.0169895124946268,False,Original,False
0.0067948406266324,False,Original,False
-0.0136361671567879,False,Original,False
-0.0079121690494137,False,Original,False
0.0283194440062644,False,Original,False
0.0175237232323475,False,Original,False
-0.0008917793763458,False,Original,False
-0.0023092685962637,False,Original,False
0.0052426185186078,False,Original,False
0.0078235146510934,False,Original,False
-0.0094303592849289,False,Original,False
0.0041421396633651,False,Original,False
-0.0685647658016765,True,Original,True
0.0171655351682815,False,Original,False
-0.0085804047804387,False,Original,False
-0.0267111017096457,False,Original,False
-0.0285121469665075,False,Original,False
0.0483286574633208,True,Original,True
-0.0128312874142899,False,Original,False
0.0185532355625195,False,Original,False
0.0152287786526734,False,Original,False
-0.0454434728595864,False,Synthetic,True
-0.034486969032212,False,Original,False
0.0125296570441229,False,Original,False
-0.0002310375908436,False,Original,False
-0.0127431730936571,False,Original,False
0.0227442910438941,False,Original,False
0.0144897157158787,False,Original,False
0.0284520536899961,False,Original,False
-0.004546710375088,False,Original,False
0.0023967380669525,False,Original,False
0.0024567342194767,False,Original,False
-0.0096421299129172,False,Original,False
-0.0161223681475313,False,Original,False
0.0193908501103123,False,Original,False
0.0098728314002638,False,Original,False
-0.0045513305847375,False,Original,False
0.0150408233513452,False,Original,False
0.0057301809060881,False,Original,False
0.0019956874039213,False,Original,False
0.0044491100319987,False,Original,False
0.006785166785896,False,Original,False
-0.0049940069578102,False,Original,False
0.0086545732484673,False,Original,False
0.0121546949980366,False,Original,False
0.0205485974968731,False,Original,False
-0.0033989958601683,False,Original,False
-0.0009234084686315,False,Original,False
0.0010669731806718,False,Original,False
0.0131610334031879,False,Original,False
-0.0049913870495199,False,Original,False
0.0479516861988239,False,Synthetic,True
0.0122536901412875,False,Original,False
-0.0123148279152793,False,Original,False
0.044592797832733,False,Synthetic,True
-0.0055812582500163,False,Original,False
0.0104849174448649,False,Original,False
0.0149666752004478,False,Original,False
0.0075385216551548,False,Original,False
-0.0062648896421926,False,Original,False
-7.95544948708482e-05,False,Original,False
0.0425866470148846,False,Synthetic,True
-0.0209787572624478,False,Original,False
0.0131902206011051,False,Original,False
-0.0077110811716103,False,Original,False
0.0001385740730128,False,Original,False
0.0238628127814575,False,Original,False
-0.0020702539100962,False,Original,False
0.0086203274170184,False,Original,False
0.0066028316173785,False,Original,False
-0.0041096864715779,False,Original,False
-0.0075946568210731,False,Original,False
-0.0250540736982678,False,Original,False
0.021283439535642,False,Original,False
0.0096783033893785,False,Original,False
-0.007839551673701,False,Original,False
0.0156371601762934,False,Original,False
-0.0049620316323366,False,Original,False
0.0218570357201155,False,Original,False
-0.0033750242975596,False,Original,False
-0.0015224851397253,False,Original,False
-0.0211582728291812,False,Original,False
0.0053842378035664,False,Original,False
0.0085056693636129,False,Original,False
-0.0187432572173484,False,Original,False
0.0228464670661132,False,Original,False
0.0134763582813999,False,Original,False
0.0148942068893411,False,Original,False
0.0038627403885929,False,Original,False
-0.001572586130587,False,Original,False
-0.01131847957671,False,Original,False
0.0684840984824192,False,Synthetic,True
-0.0071609868640507,False,Original,False
-0.0041547853579473,False,Original,False
-0.003521978912671,False,Original,False
0.0053891514290711,False,Original,False
7.387570416028666e-05,False,Original,False
0.0045145139739375,False,Original,False
0.0178389067691053,False,Original,False
0.005924155939974,False,Original,False
-7.181586415505592e-05,False,Original,False
0.0042283361095218,False,Original,False
0.0626790285250899,False,Synthetic,True
-0.0099887767768116,False,Original,False
0.0536903947982736,False,Synthetic,True
0.0220595244900998,False,Original,False
0.0005379282949853,False,Original,False
-0.0046949259411963,False,Original,False
0.0049724531753359,False,Original,False
-0.0018053053090838,False,Original,False
0.0098374770063482,False,Original,False
-0.0118027121191506,False,Original,False
0.0102875864010254,False,Original,False
-0.0393964785517297,False,Original,False
0.0036852880809039,False,Original,False
-0.0383689483673421,False,Original,False
-0.0181814679236698,False,Original,False
0.0307201235206324,False,Original,False
-0.0071720488385533,False,Original,False
0.0009408119346936,False,Original,False
0.008391144025591,False,Original,False
-0.0343171385214962,False,Original,False
0.0046253988087325,False,Original,False
0.013303218840809,False,Original,False
0.0263947900033123,False,Original,False
-0.0333143293296309,False,Original,False
-0.0149528094973447,False,Original,False
-0.0038830565008396,False,Original,False
-0.0294565837180869,False,Original,False
-0.032478877037974,False,Original,False
-0.0260854864193902,False,Original,False
0.0112452647604648,False,Original,False
0.0132360138238531,False,Original,False
0.0123005762144892,False,Original,False
-0.0575594829269222,False,Synthetic,True
0.0019885520052778,False,Original,False
0.0219378158656358,False,Original,False
-0.0492579627536522,False,Synthetic,True
-0.0273691443204082,False,Original,False
-0.0466789523999836,False,Synthetic,True
0.0023297009391143,False,Original,False
-0.0451400201992818,False,Synthetic,True
0.0035808935679,False,Original,False
0.0075761379063781,False,Original,False
-0.015357138524525,False,Original,False
0.0029547540698526,False,Original,False
-0.0357427389295281,False,Original,False
0.0237967954124798,False,Original,False
-0.0007049831467078,False,Original,False
0.0188440281099797,False,Original,False
-0.0043256530822066,False,Original,False
-0.0060543978283504,False,Original,False
0.041895377128208,True,Original,True
0.010497770416606,False,Original,False
-0.0062713702959946,False,Original,False
0.015570690762928,False,Original,False
0.0157918796978915,False,Original,False
0.0023644091064731,False,Original,False
0.0144554818254221,False,Original,False
0.0221427149324853,False,Original,False
-0.0096612748156381,False,Original,False
0.0305385891019529,False,Original,False
-0.005194733329894,False,Original,False
-0.031415338541672,False,Original,False
0.0626790285250899,False,Synthetic,True
0.0311613629553484,False,Original,False
0.0054728893206323,False,Original,False
0.0140720173291395,False,Original,False
-0.0055544301987069,False,Original,False
-0.0117945228537337,False,Original,False
0.0081802329785105,False,Original,False
-0.0200669192335727,False,Original,False
0.023633737374249,False,Original,False
0.0010596655928107,False,Original,False
-0.0381343778352505,False,Original,False
0.0052576098311423,False,Original,False
0.0239213420783457,False,Original,False
-0.0011490401991949,False,Original,False
-0.0045452441293676,False,Original,False
0.030566995903845,False,Original,False
0.0118776527839692,False,Original,False
-0.010214340856022,False,Original,False
0.0144180260324837,False,Original,False
-0.019603620797195,False,Original,False
-0.0171644242335951,False,Original,False
0.0242121302388547,False,Original,False
-0.0156560805418592,False,Original,False
0.0009601536983439,False,Original,False
0.0437209993221614,False,Synthetic,True
-0.0444100691538302,True,Original,True
0.0224992215262638,False,Original,False
0.0267188474598345,False,Original,False
-0.0003404518757736,False,Original,False
-0.0358146119499593,False,Original,False
-0.0285412887698317,False,Original,False
0.0011712790550095,False,Original,False
0.0052292429889124,False,Original,False
-0.0316920891855243,False,Original,False
0.006126549740868,False,Original,False
0.0376942113463876,False,Original,False
0.007120340728596,False,Original,False
0.0135826060274233,False,Original,False
0.0030743412009002,False,Original,False
0.0044520999952304,False,Original,False
0.0225225624953626,False,Original,False
0.0132040872173853,False,Original,False
-0.002313019367989,False,Original,False
-0.0476288725755289,False,Synthetic,True
-0.0143741221242077,False,Original,False
0.0035588878140533,False,Original,False
-0.0294842012122167,False,Original,False
-0.0066397702956368,False,Original,False
-0.0428123905179678,True,Original,True
0.0670934832336717,False,Synthetic,True
0.0101940337908636,False,Original,False
-9.721479616864316e-05,False,Original,False
0.0221458567429913,False,Original,False
0.0186839153087543,False,Original,False
-0.0080274048530242,False,Original,False
0.0017546612679897,False,Original,False
-0.0169063465911083,False,Original,False
0.0012250711516479,False,Original,False
-0.0299387319392412,False,Original,False
-0.0043510810872682,False,Original,False
0.0213108274111295,False,Original,False
0.00950670459933,False,Original,False
0.0133294098834451,False,Original,False
-0.0250776351394179,False,Original,False
0.0039635917514875,False,Original,False
-0.0373686953581291,False,Original,False
-0.0190427378090127,False,Original,False
-0.0763871742157157,False,Synthetic,True
0.0081891101330491,False,Original,False
-0.06830870494829,True,Original,True
0.0435017499256868,True,Original,True
-0.0337558786707514,False,Original,False
0.0578148059292615,True,Original,True
0.019491039840906,False,Original,False
0.0158480849029505,False,Original,False
0.0126692786998674,False,Original,False
-0.0133414346653513,False,Original,False
0.0263762491506174,False,Original,False
-0.0351725982569437,False,Original,False
-6.783455155456863e-05,False,Original,False
0.0018807030221292,False,Original,False
0.0261794618418527,False,Original,False
0.0189800549338698,False,Original,False
0.0126372304623227,False,Original,False
-0.0124107372237958,False,Original,False
-0.0088877919710199,False,Original,False
0.0246480283069594,False,Original,False
-0.0080577263733889,False,Original,False
0.0230088535668411,False,Original,False
0.0007056665312941,False,Original,False
0.0127259293310313,False,Original,False
0.0060489344226493,False,Original,False
0.0027960443460166,False,Original,False
0.0047751051109159,False,Original,False
0.0009156811017536,False,Original,False
-0.0320228224049401,False,Original,False
0.048914161584421,False,Synthetic,True
-0.0130165869470513,False,Original,False
0.0151696403891659,False,Original,False
-0.0259254042257257,False,Original,False
-0.0177347390627815,False,Original,False
-0.030675187759348,False,Original,False
0.0387244279086065,False,Original,False
-0.0030671668832358,False,Original,False
0.0016551905238824,False,Original,False
-0.0046511337479486,False,Original,False
-0.0324446709930814,False,Original,False
-0.0427877662657643,False,Synthetic,True
-0.0514522223803304,True,Original,True
0.0027161474589778,False,Original,False
0.0139059479904002,False,Original,False
0.0234795621751118,False,Original,False
0.0547784154079195,False,Synthetic,True
-0.0106895114128544,False,Original,False
-0.0051149318703291,False,Original,False
0.0084994746559416,False,Original,False
0.0292077686798322,False,Original,False
0.0657340805339091,False,Synthetic,True
0.0127178499306008,False,Original,False
0.0042139370867602,False,Original,False
-0.0041983548162676,False,Original,False
0.0056558775961175,False,Original,False
-0.0166075510615542,False,Original,False
0.0007873768162145,False,Original,False
-0.0149393795984877,False,Original,False
-0.0069265456744851,False,Original,False
-0.0545127926107835,False,Synthetic,True
0.0242024907942575,False,Original,False
0.044592797832733,False,Synthetic,True
0.0057308517533893,False,Original,False
0.0075190631684858,False,Original,False
-0.0071340657432124,False,Original,False
-0.0057441249937237,False,Original,False
0.0094172378182637,False,Original,False
0.0075039514612189,False,Original,False
-0.0286033831640644,False,Original,False
0.0614040113341314,True,Original,True
0.021832191740545,False,Original,False
0.0115952883267063,False,Original,False
0.0002849611759696,False,Original,False
-0.0169097432819871,False,Original,False
0.0101485662717166,False,Original,False
-0.0010906378441752,False,Original,False
0.0109952414992662,False,Original,False
0.0012347520356161,False,Original,False
-0.0067743801379105,False,Original,False
0.0207046733616902,False,Original,False
0.0176770004012034,False,Original,False
0.0091925739324594,False,Original,False
0.0010615423300137,False,Original,False
-0.0167617015117187,False,Original,False
-0.0463667937843069,False,Synthetic,True
0.0024741243112504,False,Original,False
-0.0089328252613363,False,Original,False
0.0299859436085849,False,Original,False
-0.0186965177321241,False,Original,False
0.0110118779363688,False,Original,False
-0.0096339592104026,False,Original,False
-0.0265678833103901,False,Original,False
-0.0193105470506118,False,Original,False
0.0366281617912171,False,Original,False
-0.020550854084238,False,Original,False
0.0526258559949461,False,Synthetic,True
-0.021977302945416,False,Original,False
-0.0145651679429548,False,Original,False
0.0078588502927683,False,Original,False
-0.0017543081673867,False,Original,False
0.0012045596263483,False,Original,False
0.0169908967266998,False,Original,False
-0.0198932243454077,False,Original,False
-0.0074805854522654,False,Original,False
-0.0301233105477329,False,Original,False
0.0004023086380406,False,Original,False
-0.0073287701482165,False,Original,False
0.0259203411734887,False,Original,False
-0.029370369963372,False,Original,False
0.005831556738796,False,Original,False
0.0107779826229066,False,Original,False
-0.0252633866662641,False,Original,False
-0.0367907069412325,False,Original,False
-0.0304561706842552,False,Original,False
0.054050424775284,False,Synthetic,True
-0.0046769690075478,False,Original,False
0.0075533134940588,False,Original,False
0.0119711920580112,False,Original,False
-0.0017441720022031,False,Original,False
0.0094814103298954,False,Original,False
0.0048301335938329,False,Original,False
0.0169174676047685,False,Original,False
-0.0318776224429093,False,Original,False
-0.0020150385262276,False,Original,False
0.0129846143620859,False,Original,False
-0.018685302680387,False,Original,False
-0.0037961546578966,False,Original,False
-0.0340112367837743,False,Original,False
-0.0041000467440124,False,Original,False
-0.005786038514767,False,Original,False
0.0204337379701975,False,Original,False
0.0331271131623189,False,Original,False
-0.0082508856987963,False,Original,False
-0.0320170771858272,False,Original,False
-0.0356982067880586,False,Original,False
0.0153821733852321,False,Original,False
0.0187878839025117,False,Original,False
-0.0091481084910274,False,Original,False
-0.0076407477235438,False,Original,False
-0.0334969864193936,False,Original,False
-0.0039735272885064,False,Original,False
0.0012835089224001,False,Original,False
0.0102998786802466,False,Original,False
-0.0163467464027373,False,Original,False
-0.0170496177113204,False,Original,False
-0.0506039625880852,False,Synthetic,True
0.031887929658751,False,Original,False
0.0100259572043217,False,Original,False
-0.0015207767836855,False,Original,False
-0.0248909312694394,False,Original,False
-0.0021684010113549,False,Original,False
0.0211151112745469,False,Original,False
0.0154246541200215,False,Original,False
-0.0125289426028185,False,Original,False
-0.0093467056002882,False,Original,False
-0.0138366298553691,False,Original,False
-0.0162514810758871,False,Original,False
-0.0403729450849752,True,Original,True
0.0102759518249584,False,Original,False
-0.0238083290597579,False,Original,False
-0.0460581842964966,True,Original,True
0.0244332422042301,False,Original,False
0.0324498507130304,False,Original,False
0.0216672088214853,False,Original,False
-0.0789426570111491,True,Original,True
0.0166525431404682,False,Original,False
-0.0698217044694047,True,Original,True
0.0533137311822429,True,Original,True
0.0913542038663024,True,Original,True
-0.0289515038836611,False,Original,False
-0.038527912702909,False,Original,False
0.0050283705450837,False,Original,False
0.0390524784824961,False,Original,False
-0.0203688908577763,False,Original,False
-0.0983117459475746,True,Original,True
0.0735507026047912,True,Original,True
0.005194293941706,False,Original,False
-0.0762062907901697,True,Original,True
-0.0359174740254406,False,Original,False
-0.0557996453167408,True,Original,True
-0.0476981500071662,True,Original,True
-0.0392765193940292,False,Original,False
-0.0400190832765083,False,Original,False
-0.0404512434079684,True,Original,True
0.1367661159466209,True,Original,True
0.0179620839294152,False,Original,False
-0.1209605146907293,True,Original,True
-0.0106722268473067,False,Original,False
-0.0011806538898415,False,Original,False
0.0802645826447321,True,Original,True
-0.0101422815277594,False,Original,False
-0.1073175387027305,True,Original,True
-0.0363528590358495,False,Original,False
-0.0715772511836085,True,Original,True
-0.0672315114524035,True,Original,True
0.1259821601791717,True,Original,True
0.0427430522310849,True,Original,True
0.0720703524465413,True,Original,True
-0.0051401607030179,False,Original,False
0.0262775695059342,False,Original,False
0.0511168036120039,True,Original,True
-0.063295556100817,True,Original,True
-0.0384143903540454,False,Original,False
0.0082983482486813,False,Original,False
0.0030228369581646,False,Original,False
0.0786161428406653,False,Synthetic,True
-0.0806735759436652,True,Original,True
0.046024010450397,True,Original,True
-0.0056838914828869,False,Original,False
-0.0707476185798644,False,Synthetic,True
-0.0464760199464624,True,Original,True
-0.0204451565951764,False,Original,False
-0.066654213707018,True,Original,True
0.0898525792348259,True,Original,True
0.0180869253362043,False,Original,False
0.046499124579137,True,Original,True
-0.0070718344334892,False,Original,False
0.0105207744301889,False,Original,False
-0.0520183991566725,True,Original,True
0.0074560868492135,False,Original,False
0.0084213419822258,False,Original,False
-0.0047994412326399,False,Original,False
0.0062149898524541,False,Original,False
0.0798446514532162,True,Original,True
-0.0083144748716783,False,Original,False
0.0269205052794649,False,Original,False
-0.0125125789199085,False,Original,False
0.021954073944931,False,Original,False
-0.0271337468952364,False,Original,False
0.042732485696991,True,Original,True
-0.0011508632743861,False,Original,False
-0.0103419262790094,False,Original,False
-0.0102966575109686,False,Original,False
-0.0394057498212276,False,Original,False
-0.0309918176722927,False,Original,False
0.0107180408316605,False,Original,False
0.0053027557837879,False,Original,False
